episode_reward_mean,timesteps_total
-0.4956454634666443,2048
-1.455199956893921,6144
-1.2577807903289795,10240
-0.20030421018600464,14336
0.5239475965499878,18432
0.7322584390640259,22528
-1.2809007167816162,26624
0.2659878134727478,30720
-0.7579106688499451,34816
-1.0213780403137207,38912
-0.5327602624893188,43008
-0.43926116824150085,47104
-0.47080719470977783,51200
0.8656567335128784,55296
0.5842419862747192,59392
