episode_reward_mean,timesteps_total
0.4639270007610321,2048
-0.8366913795471191,6144
