episode_reward_mean,timesteps_total
-0.7103884220123291,2048
-3.206468343734741,6144
