episode_reward_mean,timesteps_total
-6.0478410720825195,2048
-5.4929962158203125,6144
-5.556657791137695,10240
-5.335174560546875,14336
